[
{
    "model": "auth.group",
    "fields": {
        "name": "customer",
        "permissions": []
    }
},
{
    "model": "auth.group",
    "fields": {
        "name": "beautician",
        "permissions": []
    }
},
{
    "model": "auth.user",
    "fields": {
        "password": "pbkdf2_sha256$36000$6irpBmCGrDYZ$SxoJHhyTWh/F9zsaiKBsMYXvugFQaQSSCR//9Ppfmk4=",
        "last_login": "2018-07-25T14:10:37.598",
        "is_superuser": true,
        "username": "coolkunal31@gmail.com",
        "first_name": "kunal",
        "last_name": "pandav",
        "email": "coolkunal31@gmail.com",
        "is_staff": true,
        "is_active": true,
        "date_joined": "2017-09-18T16:27:32",
        "groups": [],
        "user_permissions": []
    }
},
{
    "model": "auth.user",
    "fields": {
        "password": "pbkdf2_sha256$36000$4sPKNDTO23Ap$Q2IyypvC6B4483XR8lmwG1dYa8qF0cT6El7jLi+hZmM=",
        "last_login": "2018-07-24T00:25:19.237",
        "is_superuser": false,
        "username": "pandavparbhip3@gmail.com",
        "first_name": "prabha",
        "last_name": "pandav",
        "email": "pandavparbhip3@gmail.com",
        "is_staff": false,
        "is_active": true,
        "date_joined": "2018-06-24T06:53:40",
        "groups": [
            [
                "beautician"
            ]
        ],
        "user_permissions": []
    }
},
{
    "model": "auth.user",
    "fields": {
        "password": "pbkdf2_sha256$36000$YoNJKVJfMglL$FeBCyQFMPRgzXYQXw9X6MATd4JrINqtk9CKxOGa2paw=",
        "last_login": "2018-07-25T14:15:30.363",
        "is_superuser": false,
        "username": "neetapandav@gmail.com",
        "first_name": "neeta",
        "last_name": "pandav",
        "email": "neetapandav@gmail.com",
        "is_staff": false,
        "is_active": true,
        "date_joined": "2018-06-24T06:53:51",
        "groups": [
            [
                "customer"
            ]
        ],
        "user_permissions": []
    }
},
{
    "model": "auth.user",
    "fields": {
        "password": "pbkdf2_sha256$36000$Wio6R7aOTZx5$Os8aM7ILUgUAWtGR5vEXnKo8eAvK7wKVCY2GwARWH/E=",
        "last_login": "2018-07-25T14:09:14.327",
        "is_superuser": false,
        "username": "nimishapandav@gmail.com",
        "first_name": "nimisha",
        "last_name": "pandav",
        "email": "nimishapandav@gmail.com",
        "is_staff": false,
        "is_active": true,
        "date_joined": "2018-06-24T06:54:10",
        "groups": [
            [
                "customer"
            ]
        ],
        "user_permissions": []
    }
},
{
    "model": "auth.user",
    "fields": {
        "password": "pbkdf2_sha256$36000$diK4DqvSzm9k$O+xsE5yYtCT5av7PBpG+uD9ADxlAgzUYwypFd/iU3bE=",
        "last_login": "2018-07-25T14:13:33.032",
        "is_superuser": false,
        "username": "janvipandav0106@gmail.com",
        "first_name": "janvi",
        "last_name": "pandav",
        "email": "janvipandav0106@gmail.com",
        "is_staff": false,
        "is_active": true,
        "date_joined": "2018-06-24T06:54:21",
        "groups": [
            [
                "customer"
            ]
        ],
        "user_permissions": []
    }
},
{
    "model": "auth.user",
    "fields": {
        "password": "pbkdf2_sha256$36000$ZSQPWwg8U2zN$QXoDFcP5+GRhHT84plRyUiG6ag7Snn4pGMfVAYqCEZw=",
        "last_login": "2018-07-24T01:36:02.390",
        "is_superuser": false,
        "username": "diptipandav15@gmail.com",
        "first_name": "dipti",
        "last_name": "pandav",
        "email": "diptipandav15@gmail.com",
        "is_staff": false,
        "is_active": true,
        "date_joined": "2018-06-24T06:54:28",
        "groups": [
            [
                "beautician"
            ]
        ],
        "user_permissions": []
    }
},
{
    "model": "auth.user",
    "fields": {
        "password": "pbkdf2_sha256$36000$IUC5TrbXCGxr$mjotmLVt7HY4XRhXktkzkPT0zTRu2kUO2h9rEh+dsUo=",
        "last_login": "2018-07-24T00:26:39.834",
        "is_superuser": false,
        "username": "kunalpandav31@gmail.com",
        "first_name": "kunal",
        "last_name": "pandav",
        "email": "kunalpandav31@gmail.com",
        "is_staff": false,
        "is_active": true,
        "date_joined": "2018-07-01T18:08:24.332",
        "groups": [],
        "user_permissions": []
    }
},
{
    "model": "sessions.session",
    "pk": "6yqb2cj9wivtyny3eb6dptnls3go44t8",
    "fields": {
        "session_data": "ZDFkZDlmNjlhYTI4YzVmMWEyZmQ3ODU3YzZiNTVhNDUyODI3OTkzMjp7Il9hdXRoX3VzZXJfaGFzaCI6IjU5ZDYyZDM0NWU2MTRlMmRmZDcwOGNmZjI0MmEwOTRkY2UzMGEwNjUiLCJfYXV0aF91c2VyX2lkIjoiMSIsIl9hdXRoX3VzZXJfYmFja2VuZCI6ImRqYW5nby5jb250cmliLmF1dGguYmFja2VuZHMuTW9kZWxCYWNrZW5kIn0=",
        "expire_date": "2017-10-02T17:29:16.164"
    }
},
{
    "model": "sessions.session",
    "pk": "989unvd4b1blhj16qnh23cjqhmjws20g",
    "fields": {
        "session_data": "MTRhMTNkMjRkODgwZDc2M2JmMmEzODQ4OGU1ZDIwYjJjYTQ5YTc1Yzp7Il9hdXRoX3VzZXJfaGFzaCI6ImJlZWRmZTk1MWQ2OTFhMWNiMTc5ZjVkNWNjYjMwNGViMTFkYjViNDYiLCJfYXV0aF91c2VyX2JhY2tlbmQiOiJkamFuZ28uY29udHJpYi5hdXRoLmJhY2tlbmRzLk1vZGVsQmFja2VuZCIsIl9hdXRoX3VzZXJfaWQiOiIxIn0=",
        "expire_date": "2018-04-15T16:31:05.649"
    }
},
{
    "model": "sessions.session",
    "pk": "m4rdx7x36eh7oe0pjbydsf423pbi1lh9",
    "fields": {
        "session_data": "NjE5ZDQzMjczMDdkNjRmYTI5NzY2ZjM0MDJkMGViYmJkZTMzMDQ5MDp7Il9hdXRoX3VzZXJfaGFzaCI6IjAxMGUyNWNiZTk4YWY0OWY1YzI0Y2M5Y2NiZWMyMGM2NDIyZDFkNjAiLCJfYXV0aF91c2VyX2JhY2tlbmQiOiJkamFuZ28uY29udHJpYi5hdXRoLmJhY2tlbmRzLk1vZGVsQmFja2VuZCIsIl9hdXRoX3VzZXJfaWQiOiIxIn0=",
        "expire_date": "2018-05-26T04:42:59.728"
    }
},
{
    "model": "sessions.session",
    "pk": "s8w106luw4khtrfqemtfp9l5pbh7se6k",
    "fields": {
        "session_data": "NjE5ZDQzMjczMDdkNjRmYTI5NzY2ZjM0MDJkMGViYmJkZTMzMDQ5MDp7Il9hdXRoX3VzZXJfaGFzaCI6IjAxMGUyNWNiZTk4YWY0OWY1YzI0Y2M5Y2NiZWMyMGM2NDIyZDFkNjAiLCJfYXV0aF91c2VyX2JhY2tlbmQiOiJkamFuZ28uY29udHJpYi5hdXRoLmJhY2tlbmRzLk1vZGVsQmFja2VuZCIsIl9hdXRoX3VzZXJfaWQiOiIxIn0=",
        "expire_date": "2018-08-08T14:10:37.655"
    }
},
{
    "model": "sessions.session",
    "pk": "v6pjm5dd34n4oyxttd6yt43wfjyqy81m",
    "fields": {
        "session_data": "NjE5ZDQzMjczMDdkNjRmYTI5NzY2ZjM0MDJkMGViYmJkZTMzMDQ5MDp7Il9hdXRoX3VzZXJfaGFzaCI6IjAxMGUyNWNiZTk4YWY0OWY1YzI0Y2M5Y2NiZWMyMGM2NDIyZDFkNjAiLCJfYXV0aF91c2VyX2JhY2tlbmQiOiJkamFuZ28uY29udHJpYi5hdXRoLmJhY2tlbmRzLk1vZGVsQmFja2VuZCIsIl9hdXRoX3VzZXJfaWQiOiIxIn0=",
        "expire_date": "2018-04-29T15:47:24.199"
    }
},
{
    "model": "sessions.session",
    "pk": "v9ptuizl8epul2ofte2x9cr5svnhzyh9",
    "fields": {
        "session_data": "NjE5ZDQzMjczMDdkNjRmYTI5NzY2ZjM0MDJkMGViYmJkZTMzMDQ5MDp7Il9hdXRoX3VzZXJfaGFzaCI6IjAxMGUyNWNiZTk4YWY0OWY1YzI0Y2M5Y2NiZWMyMGM2NDIyZDFkNjAiLCJfYXV0aF91c2VyX2JhY2tlbmQiOiJkamFuZ28uY29udHJpYi5hdXRoLmJhY2tlbmRzLk1vZGVsQmFja2VuZCIsIl9hdXRoX3VzZXJfaWQiOiIxIn0=",
        "expire_date": "2018-07-08T06:01:37.232"
    }
},
{
    "model": "sessions.session",
    "pk": "xdgxcs4ghh89z7uv5q0hlh0vkahgbp6t",
    "fields": {
        "session_data": "NDEyNGMxOTI4N2M1NDZjODAxNzI5OWU3MWNiYmE4MjBlYjk1MWNmODp7Il9hdXRoX3VzZXJfaGFzaCI6ImZjYmVmNjMwYmQ3NmMzNmIyNmY3YmVjNmEyMDA5ZWY3MmZkOTdiY2MiLCJfYXV0aF91c2VyX2JhY2tlbmQiOiJkamFuZ28uY29udHJpYi5hdXRoLmJhY2tlbmRzLk1vZGVsQmFja2VuZCIsIl9hdXRoX3VzZXJfaWQiOiI0In0=",
        "expire_date": "2018-08-08T14:15:30.564"
    }
},
{
    "model": "booking.customer",
    "pk": 24,
    "fields": {
        "user": [
            "kunalpandav31@gmail.com"
        ],
        "contact_no": 8097819256,
        "reward_points": 0
    }
},
{
    "model": "booking.customer",
    "pk": 25,
    "fields": {
        "user": [
            "janvipandav0106@gmail.com"
        ],
        "contact_no": 9871037566,
        "reward_points": 0
    }
},
{
    "model": "booking.customer",
    "pk": 27,
    "fields": {
        "user": [
            "neetapandav@gmail.com"
        ],
        "contact_no": 8709463512,
        "reward_points": 0
    }
},
{
    "model": "booking.customer",
    "pk": 28,
    "fields": {
        "user": [
            "nimishapandav@gmail.com"
        ],
        "contact_no": 9987032156,
        "reward_points": 0
    }
},
{
    "model": "booking.beautician",
    "pk": 1,
    "fields": {
        "user": [
            "diptipandav15@gmail.com"
        ],
        "contact_no": 9172272884,
        "experience_details": "Did Basic Beautician course at shimpoli khadi gramdhyog Borivali,Mumbai(government certified).\r\nJoined as a student at Banjara salon situated at borivali for advance course for skin and hair.\r\nCurrently having more than 2 years of Hands on experience.\r\nAlso doing free lancing from 2 years.\r\ndid around 200 orders.\r\nMany L'Oreal and strix seminars attended.\r\nspecialist in Makeup and hairstyles for wedding and parties."
    }
},
{
    "model": "booking.beautician",
    "pk": 2,
    "fields": {
        "user": [
            "pandavparbhip3@gmail.com"
        ],
        "contact_no": 7303755507,
        "experience_details": "Did Basic Beautician course at shimpoli khadi gramdhyog Borivali,Mumbai(government certified).\r\nJoined as a student at Banjara salon situated at borivali for advance course for skin and hair.\r\nCurrently having more than 2 years of Hands on experience.\r\nAlso doing free lancing from 2 years.\r\ndid around 200 orders.\r\nMany L'Oreal and strix seminars attended.\r\nspecialist in Makeup and hairstyles for wedding and parties."
    }
},
{
    "model": "booking.service",
    "pk": 1,
    "fields": {
        "name": "face",
        "category": "skin",
        "completion_time": 20,
        "price": 100,
        "image": "",
        "short_description": null,
        "long_description": null
    }
},
{
    "model": "booking.service",
    "pk": 2,
    "fields": {
        "name": "De-tan face",
        "category": "skin",
        "completion_time": 15,
        "price": 100,
        "image": "",
        "short_description": null,
        "long_description": null
    }
},
{
    "model": "booking.service",
    "pk": 3,
    "fields": {
        "name": "back",
        "category": "skin",
        "completion_time": 20,
        "price": 150,
        "image": "",
        "short_description": null,
        "long_description": null
    }
},
{
    "model": "booking.service",
    "pk": 4,
    "fields": {
        "name": "Hands Body",
        "category": "skin",
        "completion_time": 30,
        "price": 200,
        "image": "",
        "short_description": null,
        "long_description": null
    }
},
{
    "model": "booking.service",
    "pk": 5,
    "fields": {
        "name": "Legs",
        "category": "skin",
        "completion_time": 40,
        "price": 300,
        "image": "",
        "short_description": null,
        "long_description": null
    }
},
{
    "model": "booking.service",
    "pk": 6,
    "fields": {
        "name": "facial",
        "category": "skin",
        "completion_time": 60,
        "price": 500,
        "image": "",
        "short_description": null,
        "long_description": null
    }
},
{
    "model": "booking.service",
    "pk": 7,
    "fields": {
        "name": "Full Hands with arms",
        "category": "skin",
        "completion_time": 35,
        "price": 150,
        "image": "",
        "short_description": null,
        "long_description": null
    }
},
{
    "model": "booking.service",
    "pk": 8,
    "fields": {
        "name": "half hands waxing",
        "category": "skin",
        "completion_time": 25,
        "price": 100,
        "image": "",
        "short_description": null,
        "long_description": null
    }
},
{
    "model": "booking.service",
    "pk": 9,
    "fields": {
        "name": "full legs waxing",
        "category": "skin",
        "completion_time": 40,
        "price": 250,
        "image": "",
        "short_description": null,
        "long_description": null
    }
},
{
    "model": "booking.service",
    "pk": 10,
    "fields": {
        "name": "half legs",
        "category": "skin",
        "completion_time": 30,
        "price": 200,
        "image": "",
        "short_description": null,
        "long_description": null
    }
},
{
    "model": "booking.service",
    "pk": 11,
    "fields": {
        "name": "underarms",
        "category": "skin",
        "completion_time": 15,
        "price": 50,
        "image": "",
        "short_description": null,
        "long_description": null
    }
},
{
    "model": "booking.service",
    "pk": 12,
    "fields": {
        "name": "stomach",
        "category": "skin",
        "completion_time": 30,
        "price": 50,
        "image": "",
        "short_description": null,
        "long_description": null
    }
},
{
    "model": "booking.service",
    "pk": 13,
    "fields": {
        "name": "back",
        "category": "skin",
        "completion_time": 30,
        "price": 50,
        "image": "",
        "short_description": null,
        "long_description": null
    }
},
{
    "model": "booking.service",
    "pk": 14,
    "fields": {
        "name": "side locks",
        "category": "skin",
        "completion_time": 15,
        "price": 40,
        "image": "",
        "short_description": null,
        "long_description": null
    }
},
{
    "model": "booking.service",
    "pk": 15,
    "fields": {
        "name": "upper lip",
        "category": "skin",
        "completion_time": 10,
        "price": 30,
        "image": "",
        "short_description": null,
        "long_description": null
    }
},
{
    "model": "booking.service",
    "pk": 16,
    "fields": {
        "name": "chin",
        "category": "skin",
        "completion_time": 10,
        "price": 30,
        "image": "",
        "short_description": null,
        "long_description": null
    }
},
{
    "model": "booking.service",
    "pk": 17,
    "fields": {
        "name": "full face",
        "category": "skin",
        "completion_time": 40,
        "price": 150,
        "image": "",
        "short_description": null,
        "long_description": null
    }
},
{
    "model": "booking.service",
    "pk": 18,
    "fields": {
        "name": "haircut with blowdry",
        "category": "hair",
        "completion_time": 30,
        "price": 200,
        "image": "",
        "short_description": null,
        "long_description": null
    }
},
{
    "model": "booking.service",
    "pk": 19,
    "fields": {
        "name": "hair wash",
        "category": "hair",
        "completion_time": 20,
        "price": 100,
        "image": "",
        "short_description": null,
        "long_description": null
    }
},
{
    "model": "booking.service",
    "pk": 20,
    "fields": {
        "name": "Ironing",
        "category": "hair",
        "completion_time": 60,
        "price": 300,
        "image": "",
        "short_description": null,
        "long_description": null
    }
},
{
    "model": "booking.service",
    "pk": 21,
    "fields": {
        "name": "Head Message",
        "category": "hair",
        "completion_time": 30,
        "price": 200,
        "image": "",
        "short_description": null,
        "long_description": null
    }
},
{
    "model": "booking.service",
    "pk": 22,
    "fields": {
        "name": "loreal root touch up",
        "category": "hair",
        "completion_time": 40,
        "price": 400,
        "image": "",
        "short_description": null,
        "long_description": null
    }
},
{
    "model": "booking.service",
    "pk": 23,
    "fields": {
        "name": "X-tenso smoothing",
        "category": "hair",
        "completion_time": 180,
        "price": 300,
        "image": "",
        "short_description": null,
        "long_description": null
    }
},
{
    "model": "booking.service",
    "pk": 24,
    "fields": {
        "name": "Keratin",
        "category": "hair",
        "completion_time": 180,
        "price": 4000,
        "image": "",
        "short_description": null,
        "long_description": null
    }
},
{
    "model": "booking.service",
    "pk": 25,
    "fields": {
        "name": "Hair Mehndi",
        "category": "hair",
        "completion_time": 30,
        "price": 70,
        "image": "",
        "short_description": null,
        "long_description": null
    }
},
{
    "model": "booking.service",
    "pk": 26,
    "fields": {
        "name": "Hair Spa",
        "category": "hair",
        "completion_time": 60,
        "price": 500,
        "image": "",
        "short_description": null,
        "long_description": null
    }
},
{
    "model": "booking.service",
    "pk": 27,
    "fields": {
        "name": "Ombre",
        "category": "hair",
        "completion_time": 60,
        "price": 1500,
        "image": "",
        "short_description": null,
        "long_description": null
    }
},
{
    "model": "booking.service",
    "pk": 28,
    "fields": {
        "name": "Crown Highlights",
        "category": "hair",
        "completion_time": 60,
        "price": 1000,
        "image": "",
        "short_description": null,
        "long_description": null
    }
},
{
    "model": "booking.service",
    "pk": 29,
    "fields": {
        "name": "full highlights",
        "category": "hair",
        "completion_time": 240,
        "price": 3000,
        "image": "",
        "short_description": null,
        "long_description": null
    }
},
{
    "model": "booking.service",
    "pk": 30,
    "fields": {
        "name": "crazy colours",
        "category": "hair",
        "completion_time": 15,
        "price": 100,
        "image": "",
        "short_description": null,
        "long_description": null
    }
},
{
    "model": "booking.service",
    "pk": 31,
    "fields": {
        "name": "global colour",
        "category": "hair",
        "completion_time": 120,
        "price": 1500,
        "image": "",
        "short_description": null,
        "long_description": null
    }
},
{
    "model": "booking.service",
    "pk": 32,
    "fields": {
        "name": "Threading",
        "category": "hair",
        "completion_time": 15,
        "price": 30,
        "image": "",
        "short_description": null,
        "long_description": null
    }
},
{
    "model": "booking.service",
    "pk": 33,
    "fields": {
        "name": "upper lip",
        "category": "hair",
        "completion_time": 5,
        "price": 10,
        "image": "",
        "short_description": null,
        "long_description": null
    }
},
{
    "model": "booking.service",
    "pk": 34,
    "fields": {
        "name": "chin",
        "category": "hair",
        "completion_time": 5,
        "price": 10,
        "image": "",
        "short_description": null,
        "long_description": null
    }
},
{
    "model": "booking.service",
    "pk": 35,
    "fields": {
        "name": "forhead",
        "category": "hair",
        "completion_time": 5,
        "price": 10,
        "image": "",
        "short_description": null,
        "long_description": null
    }
},
{
    "model": "booking.service",
    "pk": 36,
    "fields": {
        "name": "full face",
        "category": "hair",
        "completion_time": 30,
        "price": 60,
        "image": "",
        "short_description": null,
        "long_description": null
    }
},
{
    "model": "booking.session",
    "pk": 16,
    "fields": {
        "session_date": "2018-07-02",
        "start_time": "16:00:00",
        "end_time": "17:50:00",
        "is_active": false,
        "is_completed": false
    }
},
{
    "model": "booking.session",
    "pk": 17,
    "fields": {
        "session_date": "2018-07-25",
        "start_time": "14:00:00",
        "end_time": "15:10:00",
        "is_active": false,
        "is_completed": false
    }
},
{
    "model": "booking.session",
    "pk": 18,
    "fields": {
        "session_date": "2018-07-25",
        "start_time": "14:00:00",
        "end_time": "16:10:00",
        "is_active": false,
        "is_completed": false
    }
},
{
    "model": "booking.session",
    "pk": 19,
    "fields": {
        "session_date": "2018-07-25",
        "start_time": "16:00:00",
        "end_time": "17:40:00",
        "is_active": false,
        "is_completed": false
    }
},
{
    "model": "booking.session",
    "pk": 20,
    "fields": {
        "session_date": "2018-07-25",
        "start_time": "15:00:00",
        "end_time": "16:50:00",
        "is_active": false,
        "is_completed": false
    }
},
{
    "model": "booking.session",
    "pk": 21,
    "fields": {
        "session_date": "2018-07-26",
        "start_time": "17:00:00",
        "end_time": "21:00:00",
        "is_active": false,
        "is_completed": false
    }
},
{
    "model": "booking.session",
    "pk": 22,
    "fields": {
        "session_date": "2018-07-27",
        "start_time": "15:00:00",
        "end_time": "15:35:00",
        "is_active": false,
        "is_completed": false
    }
},
{
    "model": "booking.session",
    "pk": 23,
    "fields": {
        "session_date": "2018-07-28",
        "start_time": "18:00:00",
        "end_time": "19:10:00",
        "is_active": false,
        "is_completed": false
    }
},
{
    "model": "booking.session",
    "pk": 24,
    "fields": {
        "session_date": "2018-07-29",
        "start_time": "16:00:00",
        "end_time": "17:05:00",
        "is_active": false,
        "is_completed": false
    }
},
{
    "model": "booking.session",
    "pk": 25,
    "fields": {
        "session_date": "2018-07-31",
        "start_time": "13:00:00",
        "end_time": "14:00:00",
        "is_active": false,
        "is_completed": false
    }
},
{
    "model": "booking.session",
    "pk": 26,
    "fields": {
        "session_date": "2018-08-13",
        "start_time": "19:00:00",
        "end_time": "19:40:00",
        "is_active": false,
        "is_completed": false
    }
},
{
    "model": "booking.session",
    "pk": 27,
    "fields": {
        "session_date": "2018-08-19",
        "start_time": "17:00:00",
        "end_time": "20:20:00",
        "is_active": false,
        "is_completed": false
    }
},
{
    "model": "booking.session",
    "pk": 28,
    "fields": {
        "session_date": "2018-09-13",
        "start_time": "16:00:00",
        "end_time": "16:40:00",
        "is_active": false,
        "is_completed": false
    }
},
{
    "model": "booking.session",
    "pk": 29,
    "fields": {
        "session_date": "2018-10-24",
        "start_time": "17:00:00",
        "end_time": "17:15:00",
        "is_active": false,
        "is_completed": false
    }
},
{
    "model": "booking.session",
    "pk": 30,
    "fields": {
        "session_date": "2018-10-25",
        "start_time": "19:00:00",
        "end_time": "19:15:00",
        "is_active": false,
        "is_completed": false
    }
},
{
    "model": "booking.session",
    "pk": 31,
    "fields": {
        "session_date": "2018-11-20",
        "start_time": "13:00:00",
        "end_time": "14:00:00",
        "is_active": false,
        "is_completed": false
    }
},
{
    "model": "booking.session",
    "pk": 32,
    "fields": {
        "session_date": "2018-08-12",
        "start_time": "14:00:00",
        "end_time": "16:30:00",
        "is_active": false,
        "is_completed": false
    }
},
{
    "model": "booking.session",
    "pk": 33,
    "fields": {
        "session_date": "2018-09-24",
        "start_time": "18:00:00",
        "end_time": "18:30:00",
        "is_active": false,
        "is_completed": false
    }
},
{
    "model": "booking.session",
    "pk": 34,
    "fields": {
        "session_date": "2018-10-28",
        "start_time": "15:00:00",
        "end_time": "15:15:00",
        "is_active": false,
        "is_completed": false
    }
},
{
    "model": "booking.session",
    "pk": 35,
    "fields": {
        "session_date": "2018-11-20",
        "start_time": "18:00:00",
        "end_time": "18:15:00",
        "is_active": false,
        "is_completed": false
    }
},
{
    "model": "booking.session",
    "pk": 36,
    "fields": {
        "session_date": "2018-07-25",
        "start_time": "19:00:00",
        "end_time": "20:00:00",
        "is_active": false,
        "is_completed": false
    }
},
{
    "model": "booking.session",
    "pk": 37,
    "fields": {
        "session_date": "2018-07-28",
        "start_time": "19:00:00",
        "end_time": "19:35:00",
        "is_active": false,
        "is_completed": false
    }
},
{
    "model": "booking.session",
    "pk": 38,
    "fields": {
        "session_date": "2018-07-27",
        "start_time": "17:00:00",
        "end_time": "17:15:00",
        "is_active": false,
        "is_completed": false
    }
},
{
    "model": "booking.session",
    "pk": 39,
    "fields": {
        "session_date": "2018-07-26",
        "start_time": "16:00:00",
        "end_time": "16:15:00",
        "is_active": false,
        "is_completed": false
    }
},
{
    "model": "booking.session",
    "pk": 40,
    "fields": {
        "session_date": "2018-07-29",
        "start_time": "17:00:00",
        "end_time": "18:00:00",
        "is_active": false,
        "is_completed": false
    }
},
{
    "model": "booking.session",
    "pk": 41,
    "fields": {
        "session_date": "2018-07-31",
        "start_time": "15:00:00",
        "end_time": "19:00:00",
        "is_active": false,
        "is_completed": false
    }
},
{
    "model": "booking.session",
    "pk": 42,
    "fields": {
        "session_date": "2018-08-07",
        "start_time": "18:00:00",
        "end_time": "18:15:00",
        "is_active": false,
        "is_completed": false
    }
},
{
    "model": "booking.session",
    "pk": 43,
    "fields": {
        "session_date": "2018-09-21",
        "start_time": "13:00:00",
        "end_time": "13:40:00",
        "is_active": false,
        "is_completed": false
    }
},
{
    "model": "booking.session",
    "pk": 44,
    "fields": {
        "session_date": "2018-10-05",
        "start_time": "14:00:00",
        "end_time": "14:05:00",
        "is_active": false,
        "is_completed": false
    }
},
{
    "model": "booking.session",
    "pk": 45,
    "fields": {
        "session_date": "2018-11-22",
        "start_time": "17:00:00",
        "end_time": "17:30:00",
        "is_active": false,
        "is_completed": false
    }
},
{
    "model": "booking.order",
    "pk": 16,
    "fields": {
        "customer": 24,
        "session": 16
    }
},
{
    "model": "booking.order",
    "pk": 20,
    "fields": {
        "customer": 25,
        "session": 20
    }
},
{
    "model": "booking.order",
    "pk": 21,
    "fields": {
        "customer": 25,
        "session": 21
    }
},
{
    "model": "booking.order",
    "pk": 22,
    "fields": {
        "customer": 25,
        "session": 22
    }
},
{
    "model": "booking.order",
    "pk": 23,
    "fields": {
        "customer": 25,
        "session": 23
    }
},
{
    "model": "booking.order",
    "pk": 24,
    "fields": {
        "customer": 25,
        "session": 24
    }
},
{
    "model": "booking.order",
    "pk": 25,
    "fields": {
        "customer": 25,
        "session": 25
    }
},
{
    "model": "booking.order",
    "pk": 26,
    "fields": {
        "customer": 25,
        "session": 26
    }
},
{
    "model": "booking.order",
    "pk": 27,
    "fields": {
        "customer": 25,
        "session": 27
    }
},
{
    "model": "booking.order",
    "pk": 28,
    "fields": {
        "customer": 25,
        "session": 28
    }
},
{
    "model": "booking.order",
    "pk": 29,
    "fields": {
        "customer": 25,
        "session": 29
    }
},
{
    "model": "booking.order",
    "pk": 31,
    "fields": {
        "customer": 25,
        "session": 31
    }
},
{
    "model": "booking.order",
    "pk": 32,
    "fields": {
        "customer": 27,
        "session": 32
    }
},
{
    "model": "booking.order",
    "pk": 33,
    "fields": {
        "customer": 27,
        "session": 33
    }
},
{
    "model": "booking.order",
    "pk": 34,
    "fields": {
        "customer": 27,
        "session": 34
    }
},
{
    "model": "booking.order",
    "pk": 35,
    "fields": {
        "customer": 27,
        "session": 35
    }
},
{
    "model": "booking.order",
    "pk": 36,
    "fields": {
        "customer": 27,
        "session": 36
    }
},
{
    "model": "booking.order",
    "pk": 37,
    "fields": {
        "customer": 27,
        "session": 37
    }
},
{
    "model": "booking.order",
    "pk": 38,
    "fields": {
        "customer": 27,
        "session": 38
    }
},
{
    "model": "booking.order",
    "pk": 39,
    "fields": {
        "customer": 28,
        "session": 39
    }
},
{
    "model": "booking.order",
    "pk": 40,
    "fields": {
        "customer": 28,
        "session": 40
    }
},
{
    "model": "booking.order",
    "pk": 41,
    "fields": {
        "customer": 28,
        "session": 41
    }
},
{
    "model": "booking.order",
    "pk": 42,
    "fields": {
        "customer": 28,
        "session": 42
    }
},
{
    "model": "booking.order",
    "pk": 43,
    "fields": {
        "customer": 28,
        "session": 43
    }
},
{
    "model": "booking.order",
    "pk": 44,
    "fields": {
        "customer": 28,
        "session": 44
    }
},
{
    "model": "booking.order",
    "pk": 45,
    "fields": {
        "customer": 28,
        "session": 45
    }
},
{
    "model": "booking.orderservice",
    "pk": 10,
    "fields": {
        "order": 20,
        "service": 1
    }
},
{
    "model": "booking.orderservice",
    "pk": 11,
    "fields": {
        "order": 20,
        "service": 3
    }
},
{
    "model": "booking.orderservice",
    "pk": 12,
    "fields": {
        "order": 20,
        "service": 5
    }
},
{
    "model": "booking.orderservice",
    "pk": 13,
    "fields": {
        "order": 20,
        "service": 13
    }
},
{
    "model": "booking.orderservice",
    "pk": 14,
    "fields": {
        "order": 21,
        "service": 24
    }
},
{
    "model": "booking.orderservice",
    "pk": 15,
    "fields": {
        "order": 21,
        "service": 26
    }
},
{
    "model": "booking.orderservice",
    "pk": 16,
    "fields": {
        "order": 22,
        "service": 35
    }
},
{
    "model": "booking.orderservice",
    "pk": 17,
    "fields": {
        "order": 22,
        "service": 36
    }
},
{
    "model": "booking.orderservice",
    "pk": 18,
    "fields": {
        "order": 23,
        "service": 5
    }
},
{
    "model": "booking.orderservice",
    "pk": 19,
    "fields": {
        "order": 23,
        "service": 10
    }
},
{
    "model": "booking.orderservice",
    "pk": 20,
    "fields": {
        "order": 24,
        "service": 14
    }
},
{
    "model": "booking.orderservice",
    "pk": 21,
    "fields": {
        "order": 24,
        "service": 16
    }
},
{
    "model": "booking.orderservice",
    "pk": 22,
    "fields": {
        "order": 24,
        "service": 17
    }
},
{
    "model": "booking.orderservice",
    "pk": 23,
    "fields": {
        "order": 25,
        "service": 10
    }
},
{
    "model": "booking.orderservice",
    "pk": 24,
    "fields": {
        "order": 25,
        "service": 12
    }
},
{
    "model": "booking.orderservice",
    "pk": 25,
    "fields": {
        "order": 26,
        "service": 10
    }
},
{
    "model": "booking.orderservice",
    "pk": 26,
    "fields": {
        "order": 26,
        "service": 15
    }
},
{
    "model": "booking.orderservice",
    "pk": 27,
    "fields": {
        "order": 27,
        "service": 19
    }
},
{
    "model": "booking.orderservice",
    "pk": 28,
    "fields": {
        "order": 27,
        "service": 23
    }
},
{
    "model": "booking.orderservice",
    "pk": 29,
    "fields": {
        "order": 28,
        "service": 22
    }
},
{
    "model": "booking.orderservice",
    "pk": 30,
    "fields": {
        "order": 29,
        "service": 32
    }
},
{
    "model": "booking.orderservice",
    "pk": 32,
    "fields": {
        "order": 31,
        "service": 28
    }
},
{
    "model": "booking.orderservice",
    "pk": 33,
    "fields": {
        "order": 32,
        "service": 18
    }
},
{
    "model": "booking.orderservice",
    "pk": 34,
    "fields": {
        "order": 32,
        "service": 31
    }
},
{
    "model": "booking.orderservice",
    "pk": 35,
    "fields": {
        "order": 33,
        "service": 25
    }
},
{
    "model": "booking.orderservice",
    "pk": 36,
    "fields": {
        "order": 34,
        "service": 11
    }
},
{
    "model": "booking.orderservice",
    "pk": 37,
    "fields": {
        "order": 35,
        "service": 30
    }
},
{
    "model": "booking.orderservice",
    "pk": 38,
    "fields": {
        "order": 36,
        "service": 20
    }
},
{
    "model": "booking.orderservice",
    "pk": 39,
    "fields": {
        "order": 37,
        "service": 7
    }
},
{
    "model": "booking.orderservice",
    "pk": 40,
    "fields": {
        "order": 38,
        "service": 2
    }
},
{
    "model": "booking.orderservice",
    "pk": 41,
    "fields": {
        "order": 39,
        "service": 2
    }
},
{
    "model": "booking.orderservice",
    "pk": 42,
    "fields": {
        "order": 40,
        "service": 20
    }
},
{
    "model": "booking.orderservice",
    "pk": 43,
    "fields": {
        "order": 41,
        "service": 29
    }
},
{
    "model": "booking.orderservice",
    "pk": 44,
    "fields": {
        "order": 42,
        "service": 11
    }
},
{
    "model": "booking.orderservice",
    "pk": 45,
    "fields": {
        "order": 43,
        "service": 9
    }
},
{
    "model": "booking.orderservice",
    "pk": 46,
    "fields": {
        "order": 44,
        "service": 33
    }
},
{
    "model": "booking.orderservice",
    "pk": 47,
    "fields": {
        "order": 45,
        "service": 18
    }
},
{
    "model": "booking.invoice",
    "pk": 3,
    "fields": {
        "order": 20,
        "net_bill": 600.0,
        "gst": 708.0,
        "gross_bill": 1308.0
    }
},
{
    "model": "booking.invoice",
    "pk": 4,
    "fields": {
        "order": 21,
        "net_bill": 4500.0,
        "gst": 5310.0,
        "gross_bill": 9810.0
    }
},
{
    "model": "booking.invoice",
    "pk": 5,
    "fields": {
        "order": 22,
        "net_bill": 70.0,
        "gst": 82.0,
        "gross_bill": 152.0
    }
},
{
    "model": "booking.invoice",
    "pk": 6,
    "fields": {
        "order": 23,
        "net_bill": 500.0,
        "gst": 590.0,
        "gross_bill": 1090.0
    }
},
{
    "model": "booking.invoice",
    "pk": 7,
    "fields": {
        "order": 24,
        "net_bill": 220.0,
        "gst": 259.0,
        "gross_bill": 479.0
    }
},
{
    "model": "booking.invoice",
    "pk": 8,
    "fields": {
        "order": 25,
        "net_bill": 250.0,
        "gst": 295.0,
        "gross_bill": 545.0
    }
},
{
    "model": "booking.invoice",
    "pk": 9,
    "fields": {
        "order": 26,
        "net_bill": 230.0,
        "gst": 271.0,
        "gross_bill": 501.0
    }
},
{
    "model": "booking.invoice",
    "pk": 10,
    "fields": {
        "order": 27,
        "net_bill": 400.0,
        "gst": 472.0,
        "gross_bill": 872.0
    }
},
{
    "model": "booking.invoice",
    "pk": 11,
    "fields": {
        "order": 28,
        "net_bill": 400.0,
        "gst": 472.0,
        "gross_bill": 872.0
    }
},
{
    "model": "booking.invoice",
    "pk": 12,
    "fields": {
        "order": 29,
        "net_bill": 30.0,
        "gst": 35.0,
        "gross_bill": 65.0
    }
},
{
    "model": "booking.invoice",
    "pk": 14,
    "fields": {
        "order": 31,
        "net_bill": 1000.0,
        "gst": 1180.0,
        "gross_bill": 2180.0
    }
},
{
    "model": "booking.invoice",
    "pk": 15,
    "fields": {
        "order": 32,
        "net_bill": 1700.0,
        "gst": 2006.0,
        "gross_bill": 3706.0
    }
},
{
    "model": "booking.invoice",
    "pk": 16,
    "fields": {
        "order": 33,
        "net_bill": 70.0,
        "gst": 82.0,
        "gross_bill": 152.0
    }
},
{
    "model": "booking.invoice",
    "pk": 17,
    "fields": {
        "order": 34,
        "net_bill": 50.0,
        "gst": 59.0,
        "gross_bill": 109.0
    }
},
{
    "model": "booking.invoice",
    "pk": 18,
    "fields": {
        "order": 35,
        "net_bill": 100.0,
        "gst": 118.0,
        "gross_bill": 218.0
    }
},
{
    "model": "booking.invoice",
    "pk": 19,
    "fields": {
        "order": 36,
        "net_bill": 300.0,
        "gst": 354.0,
        "gross_bill": 654.0
    }
},
{
    "model": "booking.invoice",
    "pk": 20,
    "fields": {
        "order": 37,
        "net_bill": 150.0,
        "gst": 177.0,
        "gross_bill": 327.0
    }
},
{
    "model": "booking.invoice",
    "pk": 21,
    "fields": {
        "order": 38,
        "net_bill": 100.0,
        "gst": 118.0,
        "gross_bill": 218.0
    }
},
{
    "model": "booking.invoice",
    "pk": 22,
    "fields": {
        "order": 39,
        "net_bill": 100.0,
        "gst": 118.0,
        "gross_bill": 218.0
    }
},
{
    "model": "booking.invoice",
    "pk": 23,
    "fields": {
        "order": 40,
        "net_bill": 300.0,
        "gst": 354.0,
        "gross_bill": 654.0
    }
},
{
    "model": "booking.invoice",
    "pk": 24,
    "fields": {
        "order": 41,
        "net_bill": 3000.0,
        "gst": 3540.0,
        "gross_bill": 6540.0
    }
},
{
    "model": "booking.invoice",
    "pk": 25,
    "fields": {
        "order": 42,
        "net_bill": 50.0,
        "gst": 59.0,
        "gross_bill": 109.0
    }
},
{
    "model": "booking.invoice",
    "pk": 26,
    "fields": {
        "order": 43,
        "net_bill": 250.0,
        "gst": 295.0,
        "gross_bill": 545.0
    }
},
{
    "model": "booking.invoice",
    "pk": 27,
    "fields": {
        "order": 44,
        "net_bill": 10.0,
        "gst": 11.0,
        "gross_bill": 21.0
    }
},
{
    "model": "booking.invoice",
    "pk": 28,
    "fields": {
        "order": 45,
        "net_bill": 200.0,
        "gst": 236.0,
        "gross_bill": 436.0
    }
},
{
    "model": "booking.feedback",
    "pk": 22,
    "fields": {
        "customer": [
            "nimishapandav@gmail.com"
        ],
        "feedback_timestamp": "2018-07-25T14:11:52.100",
        "content": "The lady that cut my hair Jadie was lovely she seemed genuinely interested in how I felt about my hair and I really felt at ease with her she is very very good.",
        "is_inappropriate": false
    }
},
{
    "model": "booking.feedback",
    "pk": 23,
    "fields": {
        "customer": [
            "neetapandav@gmail.com"
        ],
        "feedback_timestamp": "2018-07-25T14:12:45.310",
        "content": "I have been a regular at King St for over 5 years (felt it was time I wrote a review). All the staff are always very welcoming and attentive.James has been styling",
        "is_inappropriate": false
    }
},
{
    "model": "booking.feedback",
    "pk": 24,
    "fields": {
        "customer": [
            "janvipandav0106@gmail.com"
        ],
        "feedback_timestamp": "2018-07-25T14:14:17.670",
        "content": "Wow! I have been having my hair done by Grace for years, following her from King Street to B styled I cannot thank her enough, she has introduced me to new looks.",
        "is_inappropriate": false
    }
},
{
    "model": "booking.feedback",
    "pk": 25,
    "fields": {
        "customer": [
            "neetapandav@gmail.com"
        ],
        "feedback_timestamp": "2018-07-25T14:15:50.924",
        "content": "Visited the Ashby salon for the first time today. My hair has not looked this good for years. Had so many comments saying how fantastic it looks.Glad I made it.",
        "is_inappropriate": false
    }
},
{
    "model": "admin.logentry",
    "pk": 1,
    "fields": {
        "action_time": "2017-09-18T16:52:24.364",
        "user": [
            "coolkunal31@gmail.com"
        ],
        "content_type": [
            "auth",
            "user"
        ],
        "object_id": "1",
        "object_repr": "Coolkunal31@gmail.com",
        "action_flag": 2,
        "change_message": "[{\"changed\": {\"fields\": [\"username\"]}}]"
    }
},
{
    "model": "admin.logentry",
    "pk": 2,
    "fields": {
        "action_time": "2018-04-03T17:46:34.840",
        "user": [
            "coolkunal31@gmail.com"
        ],
        "content_type": [
            "booking",
            "service"
        ],
        "object_id": "1",
        "object_repr": "face",
        "action_flag": 1,
        "change_message": "[{\"added\": {}}]"
    }
},
{
    "model": "admin.logentry",
    "pk": 3,
    "fields": {
        "action_time": "2018-04-03T17:47:05.867",
        "user": [
            "coolkunal31@gmail.com"
        ],
        "content_type": [
            "booking",
            "service"
        ],
        "object_id": "2",
        "object_repr": "De-tan face",
        "action_flag": 1,
        "change_message": "[{\"added\": {}}]"
    }
},
{
    "model": "admin.logentry",
    "pk": 4,
    "fields": {
        "action_time": "2018-04-03T17:47:24.698",
        "user": [
            "coolkunal31@gmail.com"
        ],
        "content_type": [
            "booking",
            "service"
        ],
        "object_id": "3",
        "object_repr": "back",
        "action_flag": 1,
        "change_message": "[{\"added\": {}}]"
    }
},
{
    "model": "admin.logentry",
    "pk": 5,
    "fields": {
        "action_time": "2018-04-03T17:47:43.815",
        "user": [
            "coolkunal31@gmail.com"
        ],
        "content_type": [
            "booking",
            "service"
        ],
        "object_id": "4",
        "object_repr": "Hands Body",
        "action_flag": 1,
        "change_message": "[{\"added\": {}}]"
    }
},
{
    "model": "admin.logentry",
    "pk": 6,
    "fields": {
        "action_time": "2018-04-03T17:47:56.763",
        "user": [
            "coolkunal31@gmail.com"
        ],
        "content_type": [
            "booking",
            "service"
        ],
        "object_id": "5",
        "object_repr": "Legs",
        "action_flag": 1,
        "change_message": "[{\"added\": {}}]"
    }
},
{
    "model": "admin.logentry",
    "pk": 7,
    "fields": {
        "action_time": "2018-04-03T17:48:28.899",
        "user": [
            "coolkunal31@gmail.com"
        ],
        "content_type": [
            "booking",
            "service"
        ],
        "object_id": "6",
        "object_repr": "facial",
        "action_flag": 1,
        "change_message": "[{\"added\": {}}]"
    }
},
{
    "model": "admin.logentry",
    "pk": 8,
    "fields": {
        "action_time": "2018-04-03T17:48:42.511",
        "user": [
            "coolkunal31@gmail.com"
        ],
        "content_type": [
            "booking",
            "service"
        ],
        "object_id": "7",
        "object_repr": "Full Hands with arms",
        "action_flag": 1,
        "change_message": "[{\"added\": {}}]"
    }
},
{
    "model": "admin.logentry",
    "pk": 9,
    "fields": {
        "action_time": "2018-04-03T17:48:57.604",
        "user": [
            "coolkunal31@gmail.com"
        ],
        "content_type": [
            "booking",
            "service"
        ],
        "object_id": "8",
        "object_repr": "half hands waxing",
        "action_flag": 1,
        "change_message": "[{\"added\": {}}]"
    }
},
{
    "model": "admin.logentry",
    "pk": 10,
    "fields": {
        "action_time": "2018-04-03T17:49:13.219",
        "user": [
            "coolkunal31@gmail.com"
        ],
        "content_type": [
            "booking",
            "service"
        ],
        "object_id": "9",
        "object_repr": "full legs waxing",
        "action_flag": 1,
        "change_message": "[{\"added\": {}}]"
    }
},
{
    "model": "admin.logentry",
    "pk": 11,
    "fields": {
        "action_time": "2018-04-03T17:49:42.629",
        "user": [
            "coolkunal31@gmail.com"
        ],
        "content_type": [
            "booking",
            "service"
        ],
        "object_id": "10",
        "object_repr": "half legs",
        "action_flag": 1,
        "change_message": "[{\"added\": {}}]"
    }
},
{
    "model": "admin.logentry",
    "pk": 12,
    "fields": {
        "action_time": "2018-04-03T17:49:59.177",
        "user": [
            "coolkunal31@gmail.com"
        ],
        "content_type": [
            "booking",
            "service"
        ],
        "object_id": "11",
        "object_repr": "underarms",
        "action_flag": 1,
        "change_message": "[{\"added\": {}}]"
    }
},
{
    "model": "admin.logentry",
    "pk": 13,
    "fields": {
        "action_time": "2018-04-03T17:50:17.308",
        "user": [
            "coolkunal31@gmail.com"
        ],
        "content_type": [
            "booking",
            "service"
        ],
        "object_id": "12",
        "object_repr": "stomach",
        "action_flag": 1,
        "change_message": "[{\"added\": {}}]"
    }
},
{
    "model": "admin.logentry",
    "pk": 14,
    "fields": {
        "action_time": "2018-04-03T17:50:30.884",
        "user": [
            "coolkunal31@gmail.com"
        ],
        "content_type": [
            "booking",
            "service"
        ],
        "object_id": "13",
        "object_repr": "back",
        "action_flag": 1,
        "change_message": "[{\"added\": {}}]"
    }
},
{
    "model": "admin.logentry",
    "pk": 15,
    "fields": {
        "action_time": "2018-04-03T17:50:47.730",
        "user": [
            "coolkunal31@gmail.com"
        ],
        "content_type": [
            "booking",
            "service"
        ],
        "object_id": "14",
        "object_repr": "side locks",
        "action_flag": 1,
        "change_message": "[{\"added\": {}}]"
    }
},
{
    "model": "admin.logentry",
    "pk": 16,
    "fields": {
        "action_time": "2018-04-03T17:52:18.979",
        "user": [
            "coolkunal31@gmail.com"
        ],
        "content_type": [
            "booking",
            "service"
        ],
        "object_id": "15",
        "object_repr": "upper lip",
        "action_flag": 1,
        "change_message": "[{\"added\": {}}]"
    }
},
{
    "model": "admin.logentry",
    "pk": 17,
    "fields": {
        "action_time": "2018-04-03T17:52:31.982",
        "user": [
            "coolkunal31@gmail.com"
        ],
        "content_type": [
            "booking",
            "service"
        ],
        "object_id": "16",
        "object_repr": "chin",
        "action_flag": 1,
        "change_message": "[{\"added\": {}}]"
    }
},
{
    "model": "admin.logentry",
    "pk": 18,
    "fields": {
        "action_time": "2018-04-03T17:52:45.630",
        "user": [
            "coolkunal31@gmail.com"
        ],
        "content_type": [
            "booking",
            "service"
        ],
        "object_id": "17",
        "object_repr": "full face",
        "action_flag": 1,
        "change_message": "[{\"added\": {}}]"
    }
},
{
    "model": "admin.logentry",
    "pk": 19,
    "fields": {
        "action_time": "2018-04-03T17:53:20.583",
        "user": [
            "coolkunal31@gmail.com"
        ],
        "content_type": [
            "booking",
            "service"
        ],
        "object_id": "18",
        "object_repr": "haircut with blowdry",
        "action_flag": 1,
        "change_message": "[{\"added\": {}}]"
    }
},
{
    "model": "admin.logentry",
    "pk": 20,
    "fields": {
        "action_time": "2018-04-03T17:53:36.193",
        "user": [
            "coolkunal31@gmail.com"
        ],
        "content_type": [
            "booking",
            "service"
        ],
        "object_id": "19",
        "object_repr": "hair wash",
        "action_flag": 1,
        "change_message": "[{\"added\": {}}]"
    }
},
{
    "model": "admin.logentry",
    "pk": 21,
    "fields": {
        "action_time": "2018-04-03T17:53:52.982",
        "user": [
            "coolkunal31@gmail.com"
        ],
        "content_type": [
            "booking",
            "service"
        ],
        "object_id": "20",
        "object_repr": "Ironing",
        "action_flag": 1,
        "change_message": "[{\"added\": {}}]"
    }
},
{
    "model": "admin.logentry",
    "pk": 22,
    "fields": {
        "action_time": "2018-04-03T17:54:05.810",
        "user": [
            "coolkunal31@gmail.com"
        ],
        "content_type": [
            "booking",
            "service"
        ],
        "object_id": "21",
        "object_repr": "Head Message",
        "action_flag": 1,
        "change_message": "[{\"added\": {}}]"
    }
},
{
    "model": "admin.logentry",
    "pk": 23,
    "fields": {
        "action_time": "2018-04-03T17:54:19.902",
        "user": [
            "coolkunal31@gmail.com"
        ],
        "content_type": [
            "booking",
            "service"
        ],
        "object_id": "22",
        "object_repr": "loreal root touch up",
        "action_flag": 1,
        "change_message": "[{\"added\": {}}]"
    }
},
{
    "model": "admin.logentry",
    "pk": 24,
    "fields": {
        "action_time": "2018-04-03T17:54:39.232",
        "user": [
            "coolkunal31@gmail.com"
        ],
        "content_type": [
            "booking",
            "service"
        ],
        "object_id": "23",
        "object_repr": "X-tenso smoothing",
        "action_flag": 1,
        "change_message": "[{\"added\": {}}]"
    }
},
{
    "model": "admin.logentry",
    "pk": 25,
    "fields": {
        "action_time": "2018-04-03T17:54:51.790",
        "user": [
            "coolkunal31@gmail.com"
        ],
        "content_type": [
            "booking",
            "service"
        ],
        "object_id": "24",
        "object_repr": "Keratin",
        "action_flag": 1,
        "change_message": "[{\"added\": {}}]"
    }
},
{
    "model": "admin.logentry",
    "pk": 26,
    "fields": {
        "action_time": "2018-04-03T17:55:05.158",
        "user": [
            "coolkunal31@gmail.com"
        ],
        "content_type": [
            "booking",
            "service"
        ],
        "object_id": "25",
        "object_repr": "Hair Mehndi",
        "action_flag": 1,
        "change_message": "[{\"added\": {}}]"
    }
},
{
    "model": "admin.logentry",
    "pk": 27,
    "fields": {
        "action_time": "2018-04-03T17:55:17.408",
        "user": [
            "coolkunal31@gmail.com"
        ],
        "content_type": [
            "booking",
            "service"
        ],
        "object_id": "26",
        "object_repr": "Hair Spa",
        "action_flag": 1,
        "change_message": "[{\"added\": {}}]"
    }
},
{
    "model": "admin.logentry",
    "pk": 28,
    "fields": {
        "action_time": "2018-04-03T17:55:30.227",
        "user": [
            "coolkunal31@gmail.com"
        ],
        "content_type": [
            "booking",
            "service"
        ],
        "object_id": "27",
        "object_repr": "Ombre",
        "action_flag": 1,
        "change_message": "[{\"added\": {}}]"
    }
},
{
    "model": "admin.logentry",
    "pk": 29,
    "fields": {
        "action_time": "2018-04-03T17:55:45.222",
        "user": [
            "coolkunal31@gmail.com"
        ],
        "content_type": [
            "booking",
            "service"
        ],
        "object_id": "28",
        "object_repr": "Crown Highlights",
        "action_flag": 1,
        "change_message": "[{\"added\": {}}]"
    }
},
{
    "model": "admin.logentry",
    "pk": 30,
    "fields": {
        "action_time": "2018-04-03T17:56:00.442",
        "user": [
            "coolkunal31@gmail.com"
        ],
        "content_type": [
            "booking",
            "service"
        ],
        "object_id": "29",
        "object_repr": "full highlights",
        "action_flag": 1,
        "change_message": "[{\"added\": {}}]"
    }
},
{
    "model": "admin.logentry",
    "pk": 31,
    "fields": {
        "action_time": "2018-04-03T17:56:16.380",
        "user": [
            "coolkunal31@gmail.com"
        ],
        "content_type": [
            "booking",
            "service"
        ],
        "object_id": "30",
        "object_repr": "crazy colours",
        "action_flag": 1,
        "change_message": "[{\"added\": {}}]"
    }
},
{
    "model": "admin.logentry",
    "pk": 32,
    "fields": {
        "action_time": "2018-04-03T17:56:32.901",
        "user": [
            "coolkunal31@gmail.com"
        ],
        "content_type": [
            "booking",
            "service"
        ],
        "object_id": "31",
        "object_repr": "global colour",
        "action_flag": 1,
        "change_message": "[{\"added\": {}}]"
    }
},
{
    "model": "admin.logentry",
    "pk": 33,
    "fields": {
        "action_time": "2018-04-03T17:56:46.115",
        "user": [
            "coolkunal31@gmail.com"
        ],
        "content_type": [
            "booking",
            "service"
        ],
        "object_id": "32",
        "object_repr": "Threading",
        "action_flag": 1,
        "change_message": "[{\"added\": {}}]"
    }
},
{
    "model": "admin.logentry",
    "pk": 34,
    "fields": {
        "action_time": "2018-04-03T17:56:57.139",
        "user": [
            "coolkunal31@gmail.com"
        ],
        "content_type": [
            "booking",
            "service"
        ],
        "object_id": "33",
        "object_repr": "upper lip",
        "action_flag": 1,
        "change_message": "[{\"added\": {}}]"
    }
},
{
    "model": "admin.logentry",
    "pk": 35,
    "fields": {
        "action_time": "2018-04-03T17:57:31.099",
        "user": [
            "coolkunal31@gmail.com"
        ],
        "content_type": [
            "booking",
            "service"
        ],
        "object_id": "34",
        "object_repr": "chin",
        "action_flag": 1,
        "change_message": "[{\"added\": {}}]"
    }
},
{
    "model": "admin.logentry",
    "pk": 36,
    "fields": {
        "action_time": "2018-04-03T17:57:43.489",
        "user": [
            "coolkunal31@gmail.com"
        ],
        "content_type": [
            "booking",
            "service"
        ],
        "object_id": "35",
        "object_repr": "forhead",
        "action_flag": 1,
        "change_message": "[{\"added\": {}}]"
    }
},
{
    "model": "admin.logentry",
    "pk": 37,
    "fields": {
        "action_time": "2018-04-03T17:57:57.488",
        "user": [
            "coolkunal31@gmail.com"
        ],
        "content_type": [
            "booking",
            "service"
        ],
        "object_id": "36",
        "object_repr": "full face",
        "action_flag": 1,
        "change_message": "[{\"added\": {}}]"
    }
},
{
    "model": "admin.logentry",
    "pk": 38,
    "fields": {
        "action_time": "2018-06-24T06:53:08.333",
        "user": [
            "coolkunal31@gmail.com"
        ],
        "content_type": [
            "auth",
            "user"
        ],
        "object_id": "2",
        "object_repr": "kunal",
        "action_flag": 1,
        "change_message": "[{\"added\": {}}]"
    }
},
{
    "model": "admin.logentry",
    "pk": 39,
    "fields": {
        "action_time": "2018-06-24T06:53:40.093",
        "user": [
            "coolkunal31@gmail.com"
        ],
        "content_type": [
            "auth",
            "user"
        ],
        "object_id": "3",
        "object_repr": "prabha",
        "action_flag": 1,
        "change_message": "[{\"added\": {}}]"
    }
},
{
    "model": "admin.logentry",
    "pk": 40,
    "fields": {
        "action_time": "2018-06-24T06:53:51.079",
        "user": [
            "coolkunal31@gmail.com"
        ],
        "content_type": [
            "auth",
            "user"
        ],
        "object_id": "4",
        "object_repr": "neeta",
        "action_flag": 1,
        "change_message": "[{\"added\": {}}]"
    }
},
{
    "model": "admin.logentry",
    "pk": 41,
    "fields": {
        "action_time": "2018-06-24T06:54:10.382",
        "user": [
            "coolkunal31@gmail.com"
        ],
        "content_type": [
            "auth",
            "user"
        ],
        "object_id": "5",
        "object_repr": "nimisha",
        "action_flag": 1,
        "change_message": "[{\"added\": {}}]"
    }
},
{
    "model": "admin.logentry",
    "pk": 42,
    "fields": {
        "action_time": "2018-06-24T06:54:21.940",
        "user": [
            "coolkunal31@gmail.com"
        ],
        "content_type": [
            "auth",
            "user"
        ],
        "object_id": "6",
        "object_repr": "janvi",
        "action_flag": 1,
        "change_message": "[{\"added\": {}}]"
    }
},
{
    "model": "admin.logentry",
    "pk": 43,
    "fields": {
        "action_time": "2018-06-24T06:54:28.995",
        "user": [
            "coolkunal31@gmail.com"
        ],
        "content_type": [
            "auth",
            "user"
        ],
        "object_id": "7",
        "object_repr": "dipti",
        "action_flag": 1,
        "change_message": "[{\"added\": {}}]"
    }
},
{
    "model": "admin.logentry",
    "pk": 44,
    "fields": {
        "action_time": "2018-06-24T07:05:59.131",
        "user": [
            "coolkunal31@gmail.com"
        ],
        "content_type": [
            "booking",
            "customer"
        ],
        "object_id": "4",
        "object_repr": "",
        "action_flag": 1,
        "change_message": "[{\"added\": {}}]"
    }
},
{
    "model": "admin.logentry",
    "pk": 45,
    "fields": {
        "action_time": "2018-06-24T07:06:49.272",
        "user": [
            "coolkunal31@gmail.com"
        ],
        "content_type": [
            "booking",
            "customer"
        ],
        "object_id": "5",
        "object_repr": "",
        "action_flag": 1,
        "change_message": "[{\"added\": {}}]"
    }
},
{
    "model": "admin.logentry",
    "pk": 46,
    "fields": {
        "action_time": "2018-06-24T07:07:28.357",
        "user": [
            "coolkunal31@gmail.com"
        ],
        "content_type": [
            "booking",
            "customer"
        ],
        "object_id": "6",
        "object_repr": "",
        "action_flag": 1,
        "change_message": "[{\"added\": {}}]"
    }
},
{
    "model": "admin.logentry",
    "pk": 47,
    "fields": {
        "action_time": "2018-06-24T10:02:57.858",
        "user": [
            "coolkunal31@gmail.com"
        ],
        "content_type": [
            "booking",
            "customer"
        ],
        "object_id": "7",
        "object_repr": "kunal",
        "action_flag": 3,
        "change_message": ""
    }
},
{
    "model": "admin.logentry",
    "pk": 48,
    "fields": {
        "action_time": "2018-06-24T10:03:59.621",
        "user": [
            "coolkunal31@gmail.com"
        ],
        "content_type": [
            "auth",
            "user"
        ],
        "object_id": "8",
        "object_repr": "kunalpandav31@gmail.com",
        "action_flag": 3,
        "change_message": ""
    }
},
{
    "model": "admin.logentry",
    "pk": 49,
    "fields": {
        "action_time": "2018-06-24T10:05:49.977",
        "user": [
            "coolkunal31@gmail.com"
        ],
        "content_type": [
            "auth",
            "user"
        ],
        "object_id": "10",
        "object_repr": "kunalpandav31@gmail.com",
        "action_flag": 3,
        "change_message": ""
    }
},
{
    "model": "admin.logentry",
    "pk": 50,
    "fields": {
        "action_time": "2018-06-24T10:07:17.396",
        "user": [
            "coolkunal31@gmail.com"
        ],
        "content_type": [
            "auth",
            "user"
        ],
        "object_id": "11",
        "object_repr": "kunalpandav31@gmail.com",
        "action_flag": 3,
        "change_message": ""
    }
},
{
    "model": "admin.logentry",
    "pk": 51,
    "fields": {
        "action_time": "2018-06-24T10:09:12.221",
        "user": [
            "coolkunal31@gmail.com"
        ],
        "content_type": [
            "auth",
            "user"
        ],
        "object_id": "12",
        "object_repr": "kunalpandav31@gmail.com",
        "action_flag": 3,
        "change_message": ""
    }
},
{
    "model": "admin.logentry",
    "pk": 52,
    "fields": {
        "action_time": "2018-06-24T10:10:23.379",
        "user": [
            "coolkunal31@gmail.com"
        ],
        "content_type": [
            "booking",
            "customer"
        ],
        "object_id": "6",
        "object_repr": "",
        "action_flag": 3,
        "change_message": ""
    }
},
{
    "model": "admin.logentry",
    "pk": 53,
    "fields": {
        "action_time": "2018-06-24T10:10:23.421",
        "user": [
            "coolkunal31@gmail.com"
        ],
        "content_type": [
            "booking",
            "customer"
        ],
        "object_id": "5",
        "object_repr": "",
        "action_flag": 3,
        "change_message": ""
    }
},
{
    "model": "admin.logentry",
    "pk": 54,
    "fields": {
        "action_time": "2018-06-24T10:10:23.465",
        "user": [
            "coolkunal31@gmail.com"
        ],
        "content_type": [
            "booking",
            "customer"
        ],
        "object_id": "4",
        "object_repr": "",
        "action_flag": 3,
        "change_message": ""
    }
},
{
    "model": "admin.logentry",
    "pk": 55,
    "fields": {
        "action_time": "2018-06-28T03:02:27.467",
        "user": [
            "coolkunal31@gmail.com"
        ],
        "content_type": [
            "booking",
            "order"
        ],
        "object_id": "1",
        "object_repr": "kunal @ 2018-07-03 From 16:00:00 To 17:25:00",
        "action_flag": 3,
        "change_message": ""
    }
},
{
    "model": "admin.logentry",
    "pk": 56,
    "fields": {
        "action_time": "2018-06-28T03:02:52.407",
        "user": [
            "coolkunal31@gmail.com"
        ],
        "content_type": [
            "booking",
            "session"
        ],
        "object_id": "1",
        "object_repr": "2018-07-03 16:00:00 To 17:25:00",
        "action_flag": 3,
        "change_message": ""
    }
},
{
    "model": "admin.logentry",
    "pk": 57,
    "fields": {
        "action_time": "2018-06-28T03:03:13.147",
        "user": [
            "coolkunal31@gmail.com"
        ],
        "content_type": [
            "booking",
            "customer"
        ],
        "object_id": "8",
        "object_repr": "kunal",
        "action_flag": 3,
        "change_message": ""
    }
},
{
    "model": "admin.logentry",
    "pk": 58,
    "fields": {
        "action_time": "2018-06-28T03:03:47.485",
        "user": [
            "coolkunal31@gmail.com"
        ],
        "content_type": [
            "auth",
            "user"
        ],
        "object_id": "13",
        "object_repr": "kunalpandav31@gmail.com",
        "action_flag": 3,
        "change_message": ""
    }
},
{
    "model": "admin.logentry",
    "pk": 59,
    "fields": {
        "action_time": "2018-06-28T03:05:38.673",
        "user": [
            "coolkunal31@gmail.com"
        ],
        "content_type": [
            "booking",
            "customer"
        ],
        "object_id": "9",
        "object_repr": "kunal",
        "action_flag": 3,
        "change_message": ""
    }
},
{
    "model": "admin.logentry",
    "pk": 60,
    "fields": {
        "action_time": "2018-06-28T03:06:05.245",
        "user": [
            "coolkunal31@gmail.com"
        ],
        "content_type": [
            "booking",
            "session"
        ],
        "object_id": "2",
        "object_repr": "2018-06-29 16:00:00 To 17:50:00",
        "action_flag": 3,
        "change_message": ""
    }
},
{
    "model": "admin.logentry",
    "pk": 61,
    "fields": {
        "action_time": "2018-06-28T03:06:27.195",
        "user": [
            "coolkunal31@gmail.com"
        ],
        "content_type": [
            "auth",
            "user"
        ],
        "object_id": "15",
        "object_repr": "kunalpandav31@gmail.com",
        "action_flag": 3,
        "change_message": ""
    }
},
{
    "model": "admin.logentry",
    "pk": 62,
    "fields": {
        "action_time": "2018-06-28T03:08:41.861",
        "user": [
            "coolkunal31@gmail.com"
        ],
        "content_type": [
            "auth",
            "user"
        ],
        "object_id": "16",
        "object_repr": "kunalpandav31@gmail.com",
        "action_flag": 3,
        "change_message": ""
    }
},
{
    "model": "admin.logentry",
    "pk": 63,
    "fields": {
        "action_time": "2018-06-28T03:08:58.897",
        "user": [
            "coolkunal31@gmail.com"
        ],
        "content_type": [
            "booking",
            "session"
        ],
        "object_id": "3",
        "object_repr": "2018-06-29 16:00:00 To 17:25:00",
        "action_flag": 3,
        "change_message": ""
    }
},
{
    "model": "admin.logentry",
    "pk": 64,
    "fields": {
        "action_time": "2018-06-28T03:10:35.767",
        "user": [
            "coolkunal31@gmail.com"
        ],
        "content_type": [
            "auth",
            "user"
        ],
        "object_id": "17",
        "object_repr": "kunalpandav31@gmail.com",
        "action_flag": 3,
        "change_message": ""
    }
},
{
    "model": "admin.logentry",
    "pk": 65,
    "fields": {
        "action_time": "2018-06-29T02:41:49.224",
        "user": [
            "coolkunal31@gmail.com"
        ],
        "content_type": [
            "auth",
            "user"
        ],
        "object_id": "19",
        "object_repr": "kunalpandav31@gmail.com",
        "action_flag": 3,
        "change_message": ""
    }
},
{
    "model": "admin.logentry",
    "pk": 66,
    "fields": {
        "action_time": "2018-06-29T02:42:04.367",
        "user": [
            "coolkunal31@gmail.com"
        ],
        "content_type": [
            "booking",
            "session"
        ],
        "object_id": "4",
        "object_repr": "2018-06-29 16:00:00 To 17:25:00",
        "action_flag": 3,
        "change_message": ""
    }
},
{
    "model": "admin.logentry",
    "pk": 67,
    "fields": {
        "action_time": "2018-06-29T02:43:43.171",
        "user": [
            "coolkunal31@gmail.com"
        ],
        "content_type": [
            "auth",
            "user"
        ],
        "object_id": "20",
        "object_repr": "kunalpandav31@gmail.com",
        "action_flag": 3,
        "change_message": ""
    }
},
{
    "model": "admin.logentry",
    "pk": 68,
    "fields": {
        "action_time": "2018-06-29T02:43:54.706",
        "user": [
            "coolkunal31@gmail.com"
        ],
        "content_type": [
            "booking",
            "session"
        ],
        "object_id": "5",
        "object_repr": "2018-06-30 16:00:00 To 17:25:00",
        "action_flag": 3,
        "change_message": ""
    }
},
{
    "model": "admin.logentry",
    "pk": 69,
    "fields": {
        "action_time": "2018-06-29T02:57:09.945",
        "user": [
            "coolkunal31@gmail.com"
        ],
        "content_type": [
            "auth",
            "user"
        ],
        "object_id": "21",
        "object_repr": "kunalpandav31@gmail.com",
        "action_flag": 3,
        "change_message": ""
    }
},
{
    "model": "admin.logentry",
    "pk": 70,
    "fields": {
        "action_time": "2018-06-29T02:57:25.937",
        "user": [
            "coolkunal31@gmail.com"
        ],
        "content_type": [
            "booking",
            "session"
        ],
        "object_id": "6",
        "object_repr": "2018-06-30 16:00:00 To 17:50:00",
        "action_flag": 3,
        "change_message": ""
    }
},
{
    "model": "admin.logentry",
    "pk": 71,
    "fields": {
        "action_time": "2018-06-29T03:04:28.140",
        "user": [
            "coolkunal31@gmail.com"
        ],
        "content_type": [
            "auth",
            "user"
        ],
        "object_id": "22",
        "object_repr": "kunalpandav31@gmail.com",
        "action_flag": 3,
        "change_message": ""
    }
},
{
    "model": "admin.logentry",
    "pk": 72,
    "fields": {
        "action_time": "2018-06-29T03:04:42.422",
        "user": [
            "coolkunal31@gmail.com"
        ],
        "content_type": [
            "booking",
            "session"
        ],
        "object_id": "7",
        "object_repr": "2018-06-30 16:00:00 To 17:25:00",
        "action_flag": 3,
        "change_message": ""
    }
},
{
    "model": "admin.logentry",
    "pk": 73,
    "fields": {
        "action_time": "2018-06-29T03:07:55.577",
        "user": [
            "coolkunal31@gmail.com"
        ],
        "content_type": [
            "auth",
            "user"
        ],
        "object_id": "23",
        "object_repr": "kunalpandav31@gmail.com",
        "action_flag": 3,
        "change_message": ""
    }
},
{
    "model": "admin.logentry",
    "pk": 74,
    "fields": {
        "action_time": "2018-06-29T03:08:13.888",
        "user": [
            "coolkunal31@gmail.com"
        ],
        "content_type": [
            "booking",
            "session"
        ],
        "object_id": "8",
        "object_repr": "2018-06-30 16:00:00 To 17:50:00",
        "action_flag": 3,
        "change_message": ""
    }
},
{
    "model": "admin.logentry",
    "pk": 75,
    "fields": {
        "action_time": "2018-06-29T03:10:06.807",
        "user": [
            "coolkunal31@gmail.com"
        ],
        "content_type": [
            "auth",
            "user"
        ],
        "object_id": "24",
        "object_repr": "kunalpandav31@gmail.com",
        "action_flag": 3,
        "change_message": ""
    }
},
{
    "model": "admin.logentry",
    "pk": 76,
    "fields": {
        "action_time": "2018-06-29T03:11:16.740",
        "user": [
            "coolkunal31@gmail.com"
        ],
        "content_type": [
            "booking",
            "session"
        ],
        "object_id": "9",
        "object_repr": "2018-06-30 16:00:00 To 17:25:00",
        "action_flag": 3,
        "change_message": ""
    }
},
{
    "model": "admin.logentry",
    "pk": 77,
    "fields": {
        "action_time": "2018-07-01T17:20:59.451",
        "user": [
            "coolkunal31@gmail.com"
        ],
        "content_type": [
            "auth",
            "user"
        ],
        "object_id": "25",
        "object_repr": "kunalpandav31@gmail.com",
        "action_flag": 3,
        "change_message": ""
    }
},
{
    "model": "admin.logentry",
    "pk": 78,
    "fields": {
        "action_time": "2018-07-01T17:21:15.082",
        "user": [
            "coolkunal31@gmail.com"
        ],
        "content_type": [
            "booking",
            "session"
        ],
        "object_id": "10",
        "object_repr": "2018-06-30 16:00:00 To 17:50:00",
        "action_flag": 3,
        "change_message": ""
    }
},
{
    "model": "admin.logentry",
    "pk": 79,
    "fields": {
        "action_time": "2018-07-01T17:29:17.108",
        "user": [
            "coolkunal31@gmail.com"
        ],
        "content_type": [
            "auth",
            "user"
        ],
        "object_id": "26",
        "object_repr": "kunalpandav31@gmail.com",
        "action_flag": 3,
        "change_message": ""
    }
},
{
    "model": "admin.logentry",
    "pk": 80,
    "fields": {
        "action_time": "2018-07-01T17:29:33.384",
        "user": [
            "coolkunal31@gmail.com"
        ],
        "content_type": [
            "booking",
            "session"
        ],
        "object_id": "11",
        "object_repr": "2018-07-02 16:00:00 To 17:25:00",
        "action_flag": 3,
        "change_message": ""
    }
},
{
    "model": "admin.logentry",
    "pk": 81,
    "fields": {
        "action_time": "2018-07-01T17:31:59.074",
        "user": [
            "coolkunal31@gmail.com"
        ],
        "content_type": [
            "auth",
            "user"
        ],
        "object_id": "27",
        "object_repr": "kunalpandav31@gmail.com",
        "action_flag": 3,
        "change_message": ""
    }
},
{
    "model": "admin.logentry",
    "pk": 82,
    "fields": {
        "action_time": "2018-07-01T17:32:18.689",
        "user": [
            "coolkunal31@gmail.com"
        ],
        "content_type": [
            "booking",
            "session"
        ],
        "object_id": "12",
        "object_repr": "2018-07-02 16:00:00 To 17:50:00",
        "action_flag": 3,
        "change_message": ""
    }
},
{
    "model": "admin.logentry",
    "pk": 83,
    "fields": {
        "action_time": "2018-07-01T17:35:01.056",
        "user": [
            "coolkunal31@gmail.com"
        ],
        "content_type": [
            "auth",
            "user"
        ],
        "object_id": "28",
        "object_repr": "kunalpandav31@gmail.com",
        "action_flag": 3,
        "change_message": ""
    }
},
{
    "model": "admin.logentry",
    "pk": 84,
    "fields": {
        "action_time": "2018-07-01T17:35:20.857",
        "user": [
            "coolkunal31@gmail.com"
        ],
        "content_type": [
            "booking",
            "session"
        ],
        "object_id": "13",
        "object_repr": "2018-07-02 16:00:00 To 17:25:00",
        "action_flag": 3,
        "change_message": ""
    }
},
{
    "model": "admin.logentry",
    "pk": 85,
    "fields": {
        "action_time": "2018-07-01T17:43:00.067",
        "user": [
            "coolkunal31@gmail.com"
        ],
        "content_type": [
            "auth",
            "user"
        ],
        "object_id": "29",
        "object_repr": "kunalpandav31@gmail.com",
        "action_flag": 3,
        "change_message": ""
    }
},
{
    "model": "admin.logentry",
    "pk": 86,
    "fields": {
        "action_time": "2018-07-01T17:43:15.872",
        "user": [
            "coolkunal31@gmail.com"
        ],
        "content_type": [
            "booking",
            "session"
        ],
        "object_id": "14",
        "object_repr": "2018-07-02 16:00:00 To 17:50:00",
        "action_flag": 3,
        "change_message": ""
    }
},
{
    "model": "admin.logentry",
    "pk": 87,
    "fields": {
        "action_time": "2018-07-01T18:07:54.178",
        "user": [
            "coolkunal31@gmail.com"
        ],
        "content_type": [
            "auth",
            "user"
        ],
        "object_id": "30",
        "object_repr": "kunalpandav31@gmail.com",
        "action_flag": 3,
        "change_message": ""
    }
},
{
    "model": "admin.logentry",
    "pk": 88,
    "fields": {
        "action_time": "2018-07-01T18:08:08.380",
        "user": [
            "coolkunal31@gmail.com"
        ],
        "content_type": [
            "booking",
            "session"
        ],
        "object_id": "15",
        "object_repr": "2018-07-02 16:00:00 To 17:25:00",
        "action_flag": 3,
        "change_message": ""
    }
},
{
    "model": "admin.logentry",
    "pk": 89,
    "fields": {
        "action_time": "2018-07-14T18:59:45.917",
        "user": [
            "coolkunal31@gmail.com"
        ],
        "content_type": [
            "auth",
            "group"
        ],
        "object_id": "1",
        "object_repr": "customer",
        "action_flag": 1,
        "change_message": "[{\"added\": {}}]"
    }
},
{
    "model": "admin.logentry",
    "pk": 90,
    "fields": {
        "action_time": "2018-07-14T19:00:18.067",
        "user": [
            "coolkunal31@gmail.com"
        ],
        "content_type": [
            "auth",
            "group"
        ],
        "object_id": "2",
        "object_repr": "beautician",
        "action_flag": 1,
        "change_message": "[{\"added\": {}}]"
    }
},
{
    "model": "admin.logentry",
    "pk": 91,
    "fields": {
        "action_time": "2018-07-15T04:56:09.670",
        "user": [
            "coolkunal31@gmail.com"
        ],
        "content_type": [
            "auth",
            "user"
        ],
        "object_id": "7",
        "object_repr": "dipti",
        "action_flag": 2,
        "change_message": "[{\"changed\": {\"fields\": [\"email\"]}}]"
    }
},
{
    "model": "admin.logentry",
    "pk": 92,
    "fields": {
        "action_time": "2018-07-15T04:56:42.017",
        "user": [
            "coolkunal31@gmail.com"
        ],
        "content_type": [
            "auth",
            "user"
        ],
        "object_id": "6",
        "object_repr": "janvi",
        "action_flag": 2,
        "change_message": "[{\"changed\": {\"fields\": [\"email\"]}}]"
    }
},
{
    "model": "admin.logentry",
    "pk": 93,
    "fields": {
        "action_time": "2018-07-15T04:56:58.284",
        "user": [
            "coolkunal31@gmail.com"
        ],
        "content_type": [
            "auth",
            "user"
        ],
        "object_id": "2",
        "object_repr": "kunal",
        "action_flag": 3,
        "change_message": ""
    }
},
{
    "model": "admin.logentry",
    "pk": 94,
    "fields": {
        "action_time": "2018-07-15T04:57:12.309",
        "user": [
            "coolkunal31@gmail.com"
        ],
        "content_type": [
            "auth",
            "user"
        ],
        "object_id": "4",
        "object_repr": "neeta",
        "action_flag": 2,
        "change_message": "[{\"changed\": {\"fields\": [\"email\"]}}]"
    }
},
{
    "model": "admin.logentry",
    "pk": 95,
    "fields": {
        "action_time": "2018-07-15T04:57:50.315",
        "user": [
            "coolkunal31@gmail.com"
        ],
        "content_type": [
            "auth",
            "user"
        ],
        "object_id": "5",
        "object_repr": "nimisha",
        "action_flag": 2,
        "change_message": "[{\"changed\": {\"fields\": [\"email\"]}}]"
    }
},
{
    "model": "admin.logentry",
    "pk": 96,
    "fields": {
        "action_time": "2018-07-15T04:58:32.143",
        "user": [
            "coolkunal31@gmail.com"
        ],
        "content_type": [
            "auth",
            "user"
        ],
        "object_id": "3",
        "object_repr": "prabha",
        "action_flag": 2,
        "change_message": "[{\"changed\": {\"fields\": [\"email\"]}}]"
    }
},
{
    "model": "admin.logentry",
    "pk": 97,
    "fields": {
        "action_time": "2018-07-15T05:04:58.540",
        "user": [
            "coolkunal31@gmail.com"
        ],
        "content_type": [
            "auth",
            "user"
        ],
        "object_id": "7",
        "object_repr": "diptipandav15@gmail.com",
        "action_flag": 2,
        "change_message": "[{\"changed\": {\"fields\": [\"username\", \"first_name\"]}}]"
    }
},
{
    "model": "admin.logentry",
    "pk": 98,
    "fields": {
        "action_time": "2018-07-15T05:05:38.678",
        "user": [
            "coolkunal31@gmail.com"
        ],
        "content_type": [
            "auth",
            "user"
        ],
        "object_id": "6",
        "object_repr": "janvipandav0106@gmail.com",
        "action_flag": 2,
        "change_message": "[{\"changed\": {\"fields\": [\"username\", \"first_name\"]}}]"
    }
},
{
    "model": "admin.logentry",
    "pk": 99,
    "fields": {
        "action_time": "2018-07-15T05:05:51.069",
        "user": [
            "coolkunal31@gmail.com"
        ],
        "content_type": [
            "auth",
            "user"
        ],
        "object_id": "7",
        "object_repr": "diptipandav15@gmail.com",
        "action_flag": 2,
        "change_message": "[{\"changed\": {\"fields\": [\"last_name\"]}}]"
    }
},
{
    "model": "admin.logentry",
    "pk": 100,
    "fields": {
        "action_time": "2018-07-15T05:05:59.961",
        "user": [
            "coolkunal31@gmail.com"
        ],
        "content_type": [
            "auth",
            "user"
        ],
        "object_id": "6",
        "object_repr": "janvipandav0106@gmail.com",
        "action_flag": 2,
        "change_message": "[{\"changed\": {\"fields\": [\"last_name\"]}}]"
    }
},
{
    "model": "admin.logentry",
    "pk": 101,
    "fields": {
        "action_time": "2018-07-15T05:06:12.291",
        "user": [
            "coolkunal31@gmail.com"
        ],
        "content_type": [
            "auth",
            "user"
        ],
        "object_id": "4",
        "object_repr": "neeta",
        "action_flag": 2,
        "change_message": "[{\"changed\": {\"fields\": [\"first_name\", \"last_name\"]}}]"
    }
},
{
    "model": "admin.logentry",
    "pk": 102,
    "fields": {
        "action_time": "2018-07-15T05:06:18.770",
        "user": [
            "coolkunal31@gmail.com"
        ],
        "content_type": [
            "auth",
            "user"
        ],
        "object_id": "4",
        "object_repr": "neeta",
        "action_flag": 2,
        "change_message": "[]"
    }
},
{
    "model": "admin.logentry",
    "pk": 103,
    "fields": {
        "action_time": "2018-07-15T05:06:28.692",
        "user": [
            "coolkunal31@gmail.com"
        ],
        "content_type": [
            "auth",
            "user"
        ],
        "object_id": "5",
        "object_repr": "nimisha",
        "action_flag": 2,
        "change_message": "[{\"changed\": {\"fields\": [\"first_name\", \"last_name\"]}}]"
    }
},
{
    "model": "admin.logentry",
    "pk": 104,
    "fields": {
        "action_time": "2018-07-15T05:06:39.170",
        "user": [
            "coolkunal31@gmail.com"
        ],
        "content_type": [
            "auth",
            "user"
        ],
        "object_id": "3",
        "object_repr": "prabha",
        "action_flag": 2,
        "change_message": "[{\"changed\": {\"fields\": [\"first_name\", \"last_name\"]}}]"
    }
},
{
    "model": "admin.logentry",
    "pk": 105,
    "fields": {
        "action_time": "2018-07-15T05:07:03.540",
        "user": [
            "coolkunal31@gmail.com"
        ],
        "content_type": [
            "auth",
            "user"
        ],
        "object_id": "1",
        "object_repr": "coolkunal31@gmail.com",
        "action_flag": 2,
        "change_message": "[{\"changed\": {\"fields\": [\"first_name\", \"last_name\", \"email\"]}}]"
    }
},
{
    "model": "admin.logentry",
    "pk": 106,
    "fields": {
        "action_time": "2018-07-17T18:50:33.624",
        "user": [
            "coolkunal31@gmail.com"
        ],
        "content_type": [
            "auth",
            "user"
        ],
        "object_id": "4",
        "object_repr": "neetapandav@gmail.com",
        "action_flag": 2,
        "change_message": "[{\"changed\": {\"fields\": [\"username\"]}}]"
    }
},
{
    "model": "admin.logentry",
    "pk": 107,
    "fields": {
        "action_time": "2018-07-17T18:50:48.516",
        "user": [
            "coolkunal31@gmail.com"
        ],
        "content_type": [
            "auth",
            "user"
        ],
        "object_id": "5",
        "object_repr": "nimishapandav@gmail.com",
        "action_flag": 2,
        "change_message": "[{\"changed\": {\"fields\": [\"username\"]}}]"
    }
},
{
    "model": "admin.logentry",
    "pk": 108,
    "fields": {
        "action_time": "2018-07-17T18:51:05.305",
        "user": [
            "coolkunal31@gmail.com"
        ],
        "content_type": [
            "auth",
            "user"
        ],
        "object_id": "3",
        "object_repr": "pandavparbhip3@gmail.com",
        "action_flag": 2,
        "change_message": "[{\"changed\": {\"fields\": [\"username\"]}}]"
    }
},
{
    "model": "admin.logentry",
    "pk": 109,
    "fields": {
        "action_time": "2018-07-17T18:58:17.006",
        "user": [
            "coolkunal31@gmail.com"
        ],
        "content_type": [
            "booking",
            "beautician"
        ],
        "object_id": "1",
        "object_repr": "dipti",
        "action_flag": 1,
        "change_message": "[{\"added\": {}}]"
    }
},
{
    "model": "admin.logentry",
    "pk": 110,
    "fields": {
        "action_time": "2018-07-17T18:59:31.086",
        "user": [
            "coolkunal31@gmail.com"
        ],
        "content_type": [
            "booking",
            "beautician"
        ],
        "object_id": "2",
        "object_repr": "prabha",
        "action_flag": 1,
        "change_message": "[{\"added\": {}}]"
    }
},
{
    "model": "admin.logentry",
    "pk": 111,
    "fields": {
        "action_time": "2018-07-17T18:59:48.320",
        "user": [
            "coolkunal31@gmail.com"
        ],
        "content_type": [
            "booking",
            "beautician"
        ],
        "object_id": "2",
        "object_repr": "prabha",
        "action_flag": 2,
        "change_message": "[{\"changed\": {\"fields\": [\"experience_details\"]}}]"
    }
},
{
    "model": "admin.logentry",
    "pk": 112,
    "fields": {
        "action_time": "2018-07-24T00:22:32.780",
        "user": [
            "coolkunal31@gmail.com"
        ],
        "content_type": [
            "auth",
            "user"
        ],
        "object_id": "31",
        "object_repr": "kunalpandav31@gmail.com",
        "action_flag": 2,
        "change_message": "[{\"changed\": {\"fields\": [\"password\"]}}]"
    }
},
{
    "model": "admin.logentry",
    "pk": 113,
    "fields": {
        "action_time": "2018-07-25T02:37:27.962",
        "user": [
            "coolkunal31@gmail.com"
        ],
        "content_type": [
            "booking",
            "order"
        ],
        "object_id": "17",
        "object_repr": "janvi @ 2018-07-25 From 14:00:00 To 15:10:00",
        "action_flag": 3,
        "change_message": ""
    }
},
{
    "model": "admin.logentry",
    "pk": 114,
    "fields": {
        "action_time": "2018-07-25T02:40:16.535",
        "user": [
            "coolkunal31@gmail.com"
        ],
        "content_type": [
            "booking",
            "order"
        ],
        "object_id": "18",
        "object_repr": "Order object",
        "action_flag": 3,
        "change_message": ""
    }
},
{
    "model": "admin.logentry",
    "pk": 115,
    "fields": {
        "action_time": "2018-07-25T02:43:57.324",
        "user": [
            "coolkunal31@gmail.com"
        ],
        "content_type": [
            "booking",
            "order"
        ],
        "object_id": "19",
        "object_repr": "janvi @ 2018-07-25 From 16:00:00 To 17:40:00",
        "action_flag": 3,
        "change_message": ""
    }
},
{
    "model": "admin.logentry",
    "pk": 116,
    "fields": {
        "action_time": "2018-07-25T02:45:16.017",
        "user": [
            "coolkunal31@gmail.com"
        ],
        "content_type": [
            "booking",
            "order"
        ],
        "object_id": "30",
        "object_repr": "janvi @ 2018-10-25 From 19:00:00 To 19:15:00",
        "action_flag": 3,
        "change_message": ""
    }
},
{
    "model": "admin.logentry",
    "pk": 117,
    "fields": {
        "action_time": "2018-07-25T13:25:25.307",
        "user": [
            "coolkunal31@gmail.com"
        ],
        "content_type": [
            "booking",
            "feedback"
        ],
        "object_id": "11",
        "object_repr": "kunal : dummy feedback",
        "action_flag": 2,
        "change_message": "[{\"changed\": {\"fields\": [\"is_inappropriate\"]}}]"
    }
},
{
    "model": "admin.logentry",
    "pk": 118,
    "fields": {
        "action_time": "2018-07-25T13:25:37.561",
        "user": [
            "coolkunal31@gmail.com"
        ],
        "content_type": [
            "booking",
            "feedback"
        ],
        "object_id": "11",
        "object_repr": "kunal : dummy feedback",
        "action_flag": 2,
        "change_message": "[{\"changed\": {\"fields\": [\"is_inappropriate\"]}}]"
    }
},
{
    "model": "admin.logentry",
    "pk": 119,
    "fields": {
        "action_time": "2018-07-25T13:26:52.002",
        "user": [
            "coolkunal31@gmail.com"
        ],
        "content_type": [
            "booking",
            "feedback"
        ],
        "object_id": "11",
        "object_repr": "kunal : dummy feedback",
        "action_flag": 3,
        "change_message": ""
    }
},
{
    "model": "admin.logentry",
    "pk": 120,
    "fields": {
        "action_time": "2018-07-25T13:36:52.779",
        "user": [
            "coolkunal31@gmail.com"
        ],
        "content_type": [
            "booking",
            "feedback"
        ],
        "object_id": "13",
        "object_repr": "kunal : After a long time without cutting my hair I had Harriet at Ashby for a big change with a lot of hair taking off. She was so warm, kind and reassuring and took the time to talk to me about what",
        "action_flag": 3,
        "change_message": ""
    }
},
{
    "model": "admin.logentry",
    "pk": 121,
    "fields": {
        "action_time": "2018-07-25T13:36:52.829",
        "user": [
            "coolkunal31@gmail.com"
        ],
        "content_type": [
            "booking",
            "feedback"
        ],
        "object_id": "12",
        "object_repr": "kunal : Wow!I have been having my hair done by Grace for years, following her from King Street to Bstyled I cannot thank her enough, she has introduced me to new looks, techniques and styling. I alway",
        "action_flag": 3,
        "change_message": ""
    }
},
{
    "model": "admin.logentry",
    "pk": 122,
    "fields": {
        "action_time": "2018-07-25T13:52:28.390",
        "user": [
            "coolkunal31@gmail.com"
        ],
        "content_type": [
            "booking",
            "feedback"
        ],
        "object_id": "17",
        "object_repr": "nimisha : I had half a head of highlights and haircut both by Lauren at the Gorgeous Salon. I can honestly say Prabha did a fantastic job. I had half a head of highlights",
        "action_flag": 3,
        "change_message": ""
    }
},
{
    "model": "admin.logentry",
    "pk": 123,
    "fields": {
        "action_time": "2018-07-25T13:52:28.454",
        "user": [
            "coolkunal31@gmail.com"
        ],
        "content_type": [
            "booking",
            "feedback"
        ],
        "object_id": "16",
        "object_repr": "nimisha : I had half a head of highlights and haircut both by Lauren at the Gorgeous Salon",
        "action_flag": 3,
        "change_message": ""
    }
},
{
    "model": "admin.logentry",
    "pk": 124,
    "fields": {
        "action_time": "2018-07-25T13:52:28.532",
        "user": [
            "coolkunal31@gmail.com"
        ],
        "content_type": [
            "booking",
            "feedback"
        ],
        "object_id": "15",
        "object_repr": "nimisha : I had half a head of highlights and haircut both by Lauren at the Gorgeous Salon. I can honestly say Prabha did a fantastic job. I had half a head of highlights",
        "action_flag": 3,
        "change_message": ""
    }
},
{
    "model": "admin.logentry",
    "pk": 125,
    "fields": {
        "action_time": "2018-07-25T13:52:28.577",
        "user": [
            "coolkunal31@gmail.com"
        ],
        "content_type": [
            "booking",
            "feedback"
        ],
        "object_id": "14",
        "object_repr": "nimisha : I had half a head of highlights and haircut both by Lauren at the Gorgeous Salon. I can honestly say Prabha did a fantastic job.",
        "action_flag": 3,
        "change_message": ""
    }
},
{
    "model": "admin.logentry",
    "pk": 126,
    "fields": {
        "action_time": "2018-07-25T13:52:44.877",
        "user": [
            "coolkunal31@gmail.com"
        ],
        "content_type": [
            "booking",
            "feedback"
        ],
        "object_id": "18",
        "object_repr": "kunal : I had half a head of highlights",
        "action_flag": 3,
        "change_message": ""
    }
},
{
    "model": "admin.logentry",
    "pk": 127,
    "fields": {
        "action_time": "2018-07-25T14:10:50.794",
        "user": [
            "coolkunal31@gmail.com"
        ],
        "content_type": [
            "booking",
            "feedback"
        ],
        "object_id": "20",
        "object_repr": "kunal : I had half a head of highlights and haircut both by Lauren at the Ashby Salon.                                                                                  ",
        "action_flag": 3,
        "change_message": ""
    }
},
{
    "model": "admin.logentry",
    "pk": 128,
    "fields": {
        "action_time": "2018-07-25T14:10:50.873",
        "user": [
            "coolkunal31@gmail.com"
        ],
        "content_type": [
            "booking",
            "feedback"
        ],
        "object_id": "19",
        "object_repr": "kunal : I had half a head of highlights and haircut both by Lauren at the Ashby Salon. I have a widows peak at the front of my hairline which is sometimes difficult to ",
        "action_flag": 3,
        "change_message": ""
    }
},
{
    "model": "admin.logentry",
    "pk": 129,
    "fields": {
        "action_time": "2018-07-25T14:12:08.201",
        "user": [
            "coolkunal31@gmail.com"
        ],
        "content_type": [
            "booking",
            "feedback"
        ],
        "object_id": "21",
        "object_repr": "nimisha :  had half a head of highlights and haircut both by Lauren at the Ashby Salon. I have a widows peak at the front of my hairline which is sometimes difficult.",
        "action_flag": 3,
        "change_message": ""
    }
},
{
    "model": "admin.logentry",
    "pk": 130,
    "fields": {
        "action_time": "2018-07-25T14:17:28.988",
        "user": [
            "coolkunal31@gmail.com"
        ],
        "content_type": [
            "booking",
            "feedback"
        ],
        "object_id": "23",
        "object_repr": "neeta : I have been a regular at King St for over 5 years (felt it was time I wrote a review). All the staff are always very welcoming and attentive.James has been styling",
        "action_flag": 2,
        "change_message": "[{\"changed\": {\"fields\": [\"content\"]}}]"
    }
}
]
